CID,Name,Email
ID01,Amin,Amin@gmail.com
ID02,David,David@gmail.com
ID03,Sarah,Sarah@gmail.com
ID04,Tara,Tara@gmail.com
ID05,Maira,Maira@gmail.com
ID06,Mohammed,Mohammed@gmail.com
ID07,Salam,Salam@gmail.com
ID08,Bilal,Bilal@gmail.com
ID09,Shah,Shah@gmail.com
ID10,Blake,Blake@gmail.com
